Name,Precision,Recall,FScore,FeaturesWithoutRetrieved,InexistentFeaturesRetrieved
not_LOGGING,0,0.0,0,NothingRetrieved
DEPLOYMENTDIAGRAM_and_LOGGING,0,0.0,0,NothingRetrieved
SEQUENCEDIAGRAM_and_STATEDIAGRAM,0,0.0,0,NothingRetrieved
SEQUENCEDIAGRAM,1.0,0.0379746835443038,0.07317073170731708,SomethingRetrieved
COGNITIVE_and_SEQUENCEDIAGRAM,0,0.0,0,NothingRetrieved
COLLABORATIONDIAGRAM_and_SEQUENCEDIAGRAM,0,0.0,0,NothingRetrieved
COLLABORATIONDIAGRAM,1.0,0.0625,0.11764705882352941,SomethingRetrieved
LOGGING_and_USECASEDIAGRAM,0,0.0,0,NothingRetrieved
DEPLOYMENTDIAGRAM,0,0.0,0,NothingRetrieved
COLLABORATIONDIAGRAM_and_LOGGING_and_SEQUENCEDIAGRAM,0,0.0,0,NothingRetrieved
ACTIVITYDIAGRAM,1.0,0.02127659574468085,0.04166666666666667,SomethingRetrieved
STATEDIAGRAM,1.0,0.01020408163265306,0.020202020202020204,SomethingRetrieved
COGNITIVE_and_DEPLOYMENTDIAGRAM,0,0.0,0,NothingRetrieved
USECASEDIAGRAM,1.0,0.1346153846153846,0.23728813559322035,SomethingRetrieved
COGNITIVE_and_LOGGING,0,0.0,0,NothingRetrieved
ACTIVITYDIAGRAM_and_STATEDIAGRAM,0,0.0,0,NothingRetrieved
COLLABORATIONDIAGRAM_and_LOGGING,0,0.0,0,NothingRetrieved
LOGGING,0,0.0,0,NothingRetrieved
not_COGNITIVE,0,0.0,0,NothingRetrieved
LOGGING_and_SEQUENCEDIAGRAM,0,0.0,0,NothingRetrieved
LOGGING_and_STATEDIAGRAM,0,0.0,0,NothingRetrieved
DEPLOYMENTDIAGRAM_and_USECASEDIAGRAM,0,0.0,0,NothingRetrieved
COGNITIVE,1.0,0.23628691983122363,0.3822525597269625,SomethingRetrieved
ACTIVITYDIAGRAM_and_LOGGING,0,0.0,0,NothingRetrieved
Average,0.25,0.020952402723676915,0.03634279886332151,18.0,0,